id,stock_num,vendor_id,total_sales_price,size,city,state,country,available,cert_num,shape,color,meas_length,meas_width,meas_depth,meas_ratio,image_url,video_url,cert_url,price_per_carat,lab,fancy_color_dominant_color,fancy_color_secondary_color,fancy_color_overtone,fancy_color_intensity,clarity,cut,symmetry,polish,depth_percent,table_percent,girdle_min,girdle_max,fluor_color,fluor_intensity,short_title,crown_height,crown_angle,pavilion_depth,pavilion_angle,eye_clean,discount_percent,bgm,girdle_percent,created_at,updated_at,base_price_per_carat,base_price,clarity_long,clarity_short,culet_size_long,culet_size_short,cut_long,cut_short,fluorescence_intensity_long,fluorescence_intensity_short,lab_long,lab_short,polish_long,polish_short,shape_long,shape_short,symmetry_long,symmetry_short,vendor_name,girdle_min_long,girdle_min_short,girdle_max_long,girdle_max_short,fancy_color_long,fancy_color_short,fancy_color_intensity_long,fancy_color_intensity_short,long_title,vendor_phone,vendor_mobile_phone,vendor_email,contact_person,vendor_street_address,vendor_city,vendor_state,vendor_country,vendor_zip_code,vendor_iphone
30212191,RM21-3,21776,1724.80,3.08,,,India,1,468104323,Cushion,H,8.13,8.05,5.44,1.01,https://view.gem360.in/gem360/1304210641-RM21-3/thumb.jpg,https://view.gem360.in/gem360/1304210641-RM21-3/gem360-1304210641-RM21-3.html,https://www.igi.org/viewpdf.php?r=468104323,560.0,IGI,,,,,SI1,,Excellent,Excellent,67.6,65.0,,,,None,Cushion 3.08ct H SI1,,,,,YES,-96.5,None,,2021-07-30T08:51:39.351Z,2022-11-28T10:21:44.972Z,560.0,1724.8,SI1,SI1,,,,,None,None,IGI,IGI,Excellent,EX,Cushion,CU,Excellent,EX,Shreeji Diamond.,,,,,,,,,Cushion 3.08ct H SI1,9429379019,9624744882,shreejidiamondpal@gmail.com,Rahul Patel,Mahidhapura,Surat,,India,395003,
31415276,RM08-1,21776,1070.82,2.11,,,India,1,488156718,Round,I,8.25,8.29,5.04,,https://view.gem360.in/gem360/2508211312-RM08-1/thumb.jpg,https://view.gem360.in/gem360/2508211312-RM08-1/gem360-2508211312-RM08-1.html,https://www.igi.org/viewpdf.php?r=488156718,507.5,IGI,,,,,VVS2,Excellent,Excellent,Excellent,61.0,60.5,,,,None,Round 2.11ct I VVS2,,,,,YES,-96.5,None,,2021-08-26T08:24:32.412Z,2022-11-28T10:21:44.972Z,507.5,1070.825,VVS2,VVS2,,,Excellent,EX,None,None,IGI,IGI,Excellent,EX,Round,RB,Excellent,EX,Shreeji Diamond.,,,,,,,,,Round 2.11ct I VVS2,9429379019,9624744882,shreejidiamondpal@gmail.com,Rahul Patel,Mahidhapura,Surat,,India,395003,
33383210,LG9-9,21700,948.28,1.51,Mumbai,,India,1,,Round,D,7.34,7.4,4.48,,https://ds-360.jaykar.co.in/Ds360/JYK24J152/Still.JPG,https://ds-360.jaykar.co.in/ds_360.php?chk=QWxs&q=SllLMjRKMTUy,,628.0,IGI,,,,,VS2,Excellent,Excellent,Excellent,60.9,60.5,,,,None,Round 1.51ct D VS2,13.5,34.2,,40.9,,-96.0,None,,2021-10-25T06:43:35.485Z,2022-11-28T11:20:57.012Z,628.0,948.28,VS2,VS2,,,Excellent,EX,None,None,IGI,IGI,Excellent,EX,Round,RB,Excellent,EX,Silmohan Gems Pvt. Ltd.,,,,,,,,,Round 1.51ct D VS2,9920197724,,sohil150@gmail.com,Naresh Shah,Ge2011 Bdb,Mumbai,,India,400051,
33735358,RM30-15,21776,1447.20,2.01,,,India,1,499116652,Cushion,F,7.9,6.67,4.47,1.18,https://view.gem360.in/gem360/3110210508-RM30-15/thumb.jpg,https://view.gem360.in/gem360/3110210508-RM30-15/gem360-3110210508-RM30-15.html,https://www.igi.org/viewpdf.php?r=499116652,720.0,IGI,,,,,VVS2,,Excellent,Excellent,67.0,66.5,,,,None,Cushion 2.01ct F VVS2,,,,,YES,-96.0,None,,2021-10-31T06:40:46.468Z,2022-11-28T10:21:44.972Z,720.0,1447.2,VVS2,VVS2,,,,,None,None,IGI,IGI,Excellent,EX,Cushion,CU,Excellent,EX,Shreeji Diamond.,,,,,,,,,Cushion 2.01ct F VVS2,9429379019,9624744882,shreejidiamondpal@gmail.com,Rahul Patel,Mahidhapura,Surat,,India,395003,
33786644,LG10-4,21700,1899.45,2.01,Mumbai,,India,1,,Oval,D,9.75,7.07,4.42,1.38,https://ds-360.jaykar.co.in/Ds360/JYK27J759/Still.JPG,https://ds-360.jaykar.co.in/ds_360.php?chk=QWxs&q=SllLMjdKNzU5,,945.0,IGI,,,,,VVS2,,Very Good,Excellent,62.5,62.0,,,,None,Oval 2.01ct D VVS2,13.5,,,,,-95.5,None,,2021-11-01T10:06:48.611Z,2022-11-28T11:20:57.012Z,945.0,1899.45,VVS2,VVS2,,,,,None,None,IGI,IGI,Excellent,EX,Oval,OV,Very Good,VG,Silmohan Gems Pvt. Ltd.,,,,,,,,,Oval 2.01ct D VVS2,9920197724,,sohil150@gmail.com,Naresh Shah,Ge2011 Bdb,Mumbai,,India,400051,
36006399,A.G-3979,8286,964.08,2.08,Mumbai,,India,1,502160514,Princess,I,7.01,6.93,0.0,1.01,https://view.gem360.in/gem360/0412211027-AG-3979/thumb.jpg,http://view.gem360.in/gem360/0412211027-AG-3979/gem360-0412211027-AG-3979.html,https://www.igi.org/reports/verify-your-report?r=502160514,463.5,IGI,,,,,VS1,Excellent,Excellent,Excellent,70.9,70.0,,,,None,Princess 2.08ct I VS1,0.0,0.0,0.0,0.0,,-95.5,None,0.0,2021-12-08T02:31:39.734Z,2022-11-28T18:53:30.594Z,463.5,964.08,VS1,VS1,,,Excellent,EX,None,None,IGI,IGI,Excellent,EX,Princess,PC,Excellent,EX,AG DIAMOND,,,,,,,,,Princess 2.08ct I VS1,,8460126820,sales.agdiamond2015@gmail.com,RAJ MEHTA,301 DEV SAGAR BUILDING,Mumbai,,India,395003,
37186648,RM31-18,21776,1165.80,2.01,,,India,1,506100498,Oval,G,9.8,7.01,4.47,1.4,https://view.gem360.in/gem360/2412210541-RM31-18/thumb.jpg,https://view.gem360.in/gem360/2412210541-RM31-18/gem360-2412210541-RM31-18.html,https://www.igi.org/viewpdf.php?r=506100498,580.0,IGI,,,,,VS2,,Excellent,Excellent,63.8,57.5,,,,None,Oval 2.01ct G VS2,,,,,YES,-96.0,None,,2021-12-24T06:27:01.204Z,2022-11-28T10:21:44.972Z,580.0,1165.8,VS2,VS2,,,,,None,None,IGI,IGI,Excellent,EX,Oval,OV,Excellent,EX,Shreeji Diamond.,,,,,,,,,Oval 2.01ct G VS2,9429379019,9624744882,shreejidiamondpal@gmail.com,Rahul Patel,Mahidhapura,Surat,,India,395003,
38106438,RM31-7,21776,1637.78,2.51,,,India,1,508140647,Oval,G,10.69,7.66,4.69,1.4,https://view.gem360.in/gem360/1301220721-RM31-7/thumb.jpg,https://view.gem360.in/gem360/1301220721-RM31-7/gem360-1301220721-RM31-7.html,https://www.igi.org/viewpdf.php?r=508140647,652.5,IGI,,,,,VS2,,Excellent,Excellent,61.2,58.5,,,,None,Oval 2.51ct G VS2,,,,,YES,-95.5,None,,2022-01-13T08:56:42.632Z,2022-11-28T10:21:44.972Z,652.5,1637.775,VS2,VS2,,,,,None,None,IGI,IGI,Excellent,EX,Oval,OV,Excellent,EX,Shreeji Diamond.,,,,,,,,,Oval 2.51ct G VS2,9429379019,9624744882,shreejidiamondpal@gmail.com,Rahul Patel,Mahidhapura,Surat,,India,395003,
38106439,RM31-12,21776,1530.00,2.25,,,India,1,508140648,Oval,F,10.54,7.32,4.57,1.44,https://view.gem360.in/gem360/1301220729-RM31-12/thumb.jpg,https://view.gem360.in/gem360/1301220729-RM31-12/gem360-1301220729-RM31-12.html,https://www.igi.org/viewpdf.php?r=508140648,680.0,IGI,,,,,VS1,,Excellent,Excellent,62.4,56.0,,,,None,Oval 2.25ct F VS1,,,,,YES,-96.0,None,,2022-01-13T08:56:42.768Z,2022-11-28T10:21:44.972Z,680.0,1530.0,VS1,VS1,,,,,None,None,IGI,IGI,Excellent,EX,Oval,OV,Excellent,EX,Shreeji Diamond.,,,,,,,,,Oval 2.25ct F VS1,9429379019,9624744882,shreejidiamondpal@gmail.com,Rahul Patel,Mahidhapura,Surat,,India,395003,
38106440,RM31-14,21776,1462.00,2.15,,,India,1,508140651,Oval,F,10.32,7.24,4.46,1.43,https://view.gem360.in/gem360/1301220733-RM31-14/thumb.jpg,https://view.gem360.in/gem360/1301220733-RM31-14/gem360-1301220733-RM31-14.html,https://www.igi.org/viewpdf.php?r=508140651,680.0,IGI,,,,,VS1,,Excellent,Excellent,61.6,58.0,,,,None,Oval 2.15ct F VS1,,,,,YES,-96.0,None,,2022-01-13T08:56:42.843Z,2022-11-28T10:21:44.972Z,680.0,1462.0,VS1,VS1,,,,,None,None,IGI,IGI,Excellent,EX,Oval,OV,Excellent,EX,Shreeji Diamond.,,,,,,,,,Oval 2.15ct F VS1,9429379019,9624744882,shreejidiamondpal@gmail.com,Rahul Patel,Mahidhapura,Surat,,India,395003,
38488880,RM31-10,21776,1399.65,2.17,,,India,1,510185229,Round,F,8.24,8.29,5.15,,https://view.gem360.in/gem360/2201220506-RM31-10/thumb.jpg,https://view.gem360.in/gem360/2201220506-RM31-10/gem360-2201220506-RM31-10.html,https://www.igi.org/viewpdf.php?r=510185229,645.0,IGI,,,,,VS1,Ideal,Excellent,Excellent,62.3,56.0,,,,None,Round 2.17ct F VS1,,,,,YES,-97.0,None,,2022-01-22T08:04:00.631Z,2022-11-28T10:21:44.972Z,645.0,1399.65,VS1,VS1,,,Ideal,ID,None,None,IGI,IGI,Excellent,EX,Round,RB,Excellent,EX,Shreeji Diamond.,,,,,,,,,Round 2.17ct F VS1,9429379019,9624744882,shreejidiamondpal@gmail.com,Rahul Patel,Mahidhapura,Surat,,India,395003,
38488882,RM31-16,21776,1322.25,2.05,,,India,1,510185227,Round,F,8.15,8.2,5.01,,https://view.gem360.in/gem360/2201220520-RM31-16/thumb.jpg,https://view.gem360.in/gem360/2201220520-RM31-16/gem360-2201220520-RM31-16.html,https://www.igi.org/viewpdf.php?r=510185227,645.0,IGI,,,,,VS1,Ideal,Excellent,Excellent,61.2,57.5,,,,None,Round 2.05ct F VS1,,,,,YES,-97.0,None,,2022-01-22T08:04:00.729Z,2022-11-28T10:21:44.972Z,645.0,1322.25,VS1,VS1,,,Ideal,ID,None,None,IGI,IGI,Excellent,EX,Round,RB,Excellent,EX,Shreeji Diamond.,,,,,,,,,Round 2.05ct F VS1,9429379019,9624744882,shreejidiamondpal@gmail.com,Rahul Patel,Mahidhapura,Surat,,India,395003,
38488883,RM31-2.1,21776,803.32,1.51,,,India,1,510185235,Heart,F,7.07,7.95,4.65,0.89,https://view.gem360.in/gem360/2201220452-RM-31-2-1/thumb.jpg,https://view.gem360.in/gem360/2201220452-RM-31-2-1/gem360-2201220452-RM-31-2-1.html,https://www.igi.org/viewpdf.php?r=510185235,532.0,IGI,,,,,VS2,,Excellent,Excellent,58.5,60.5,,,,None,Heart 1.51ct F VS2,,,,,YES,-95.25,None,,2022-01-22T08:04:00.784Z,2022-11-28T10:21:44.972Z,532.0,803.32,VS2,VS2,,,,,None,None,IGI,IGI,Excellent,EX,Heart,HS,Excellent,EX,Shreeji Diamond.,,,,,,,,,Heart 1.51ct F VS2,9429379019,9624744882,shreejidiamondpal@gmail.com,Rahul Patel,Mahidhapura,Surat,,India,395003,
39304233,K305H-25A,21400,286.70,1.0,Mumbai,,India,1,510186755,Asscher,G,5.61,5.55,3.54,1.01,https://videos.gem360.in/imaged/510186755/still.jpg,https://videos.gem360.in/Vision360.html?d=510186755,https://www.igi.org/viewpdf.php?r=LG510186755,286.7,IGI,,,,,SI2,,Excellent,Excellent,63.8,69.0,,,,None,Asscher 1.00ct G SI2,,,,,,-93.9,None,,2022-02-11T08:57:42.148Z,2022-11-26T14:54:50.372Z,286.7,286.7,SI2,SI2,,,,,None,None,IGI,IGI,Excellent,EX,Asscher,AC,Excellent,EX,Brahmani Gems (Mumbai),,,,,,,,,Asscher 1.00ct G SI2,7021219893,9833431844,brahmanigems@gmail.com,Sumant Mendpara,Dw3200 Bharat Diamond Bourse Bkc Bandra East,Mumbai,,India,,
39304235,K305H-12,21400,515.59,1.24,Mumbai,,India,1,510101358,Asscher,D,6.09,6.06,3.77,1.0,https://videos.gem360.in/imaged/510101358/still.jpg,https://videos.gem360.in/Vision360.html?d=510101358,https://www.igi.org/viewpdf.php?r=LG510101358,415.8,IGI,,,,,SI1,,Excellent,Excellent,62.2,61.5,,,,None,Asscher 1.24ct D SI1,,,,,,-93.4,None,,2022-02-11T08:57:42.648Z,2022-11-26T14:54:50.372Z,415.8,515.592,SI1,SI1,,,,,None,None,IGI,IGI,Excellent,EX,Asscher,AC,Excellent,EX,Brahmani Gems (Mumbai),,,,,,,,,Asscher 1.24ct D SI1,7021219893,9833431844,brahmanigems@gmail.com,Sumant Mendpara,Dw3200 Bharat Diamond Bourse Bkc Bandra East,Mumbai,,India,,
39304237,K305H-35,21400,762.96,1.36,Mumbai,,India,1,510186757,Asscher,D,6.2,6.16,4.09,1.01,https://videos.gem360.in/imaged/510186757/still.jpg,https://videos.gem360.in/Vision360.html?d=510186757,https://www.igi.org/viewpdf.php?r=LG510186757,561.0,IGI,,,,,VS1,,Excellent,Excellent,66.4,61.0,,,,None,Asscher 1.36ct D VS1,,,,,,-93.4,None,,2022-02-11T08:57:42.948Z,2022-11-26T14:54:50.372Z,561.0,762.96,VS1,VS1,,,,,None,None,IGI,IGI,Excellent,EX,Asscher,AC,Excellent,EX,Brahmani Gems (Mumbai),,,,,,,,,Asscher 1.36ct D VS1,7021219893,9833431844,brahmanigems@gmail.com,Sumant Mendpara,Dw3200 Bharat Diamond Bourse Bkc Bandra East,Mumbai,,India,,
39304238,K305H-56,21400,562.32,1.42,Mumbai,,India,1,510171939,Asscher,E,6.23,6.21,4.25,1.0,https://videos.gem360.in/imaged/510171939/still.jpg,https://videos.gem360.in/Vision360.html?d=510171939,https://www.igi.org/viewpdf.php?r=LG510171939,396.0,IGI,,,,,SI1,,Excellent,Excellent,68.4,61.0,,,,None,Asscher 1.42ct E SI1,,,,,,-93.4,None,,2022-02-11T08:57:43.058Z,2022-11-26T14:54:50.372Z,396.0,562.32,SI1,SI1,,,,,None,None,IGI,IGI,Excellent,EX,Asscher,AC,Excellent,EX,Brahmani Gems (Mumbai),,,,,,,,,Asscher 1.42ct E SI1,7021219893,9833431844,brahmanigems@gmail.com,Sumant Mendpara,Dw3200 Bharat Diamond Bourse Bkc Bandra East,Mumbai,,India,,
39304239,K305H-40,21400,924.00,1.5,Mumbai,,India,1,510186760,Asscher,D,6.44,6.31,4.01,1.02,https://videos.gem360.in/imaged/510186760/still.jpg,https://videos.gem360.in/Vision360.html?d=510186760,https://www.igi.org/viewpdf.php?r=LG510186760,616.0,IGI,,,,,SI1,,Excellent,Excellent,63.5,66.0,,,,None,Asscher 1.50ct D SI1,,,,,,-94.4,None,,2022-02-11T08:57:43.150Z,2022-11-26T14:54:50.372Z,616.0,924.0,SI1,SI1,,,,,None,None,IGI,IGI,Excellent,EX,Asscher,AC,Excellent,EX,Brahmani Gems (Mumbai),,,,,,,,,Asscher 1.50ct D SI1,7021219893,9833431844,brahmanigems@gmail.com,Sumant Mendpara,Dw3200 Bharat Diamond Bourse Bkc Bandra East,Mumbai,,India,,
39304240,K305H-53,21400,997.81,1.51,Mumbai,,India,1,510171938,Asscher,E,6.36,6.26,4.21,1.02,https://videos.gem360.in/imaged/510171938/still.jpg,https://videos.gem360.in/Vision360.html?d=510171938,https://www.igi.org/viewpdf.php?r=LG510171938,660.8,IGI,,,,,VS2,,Excellent,Excellent,67.3,65.0,,,,None,Asscher 1.51ct E VS2,,,,,,-94.4,None,,2022-02-11T08:57:43.456Z,2022-11-26T14:54:50.372Z,660.8,997.808,VS2,VS2,,,,,None,None,IGI,IGI,Excellent,EX,Asscher,AC,Excellent,EX,Brahmani Gems (Mumbai),,,,,,,,,Asscher 1.51ct E VS2,7021219893,9833431844,brahmanigems@gmail.com,Sumant Mendpara,Dw3200 Bharat Diamond Bourse Bkc Bandra East,Mumbai,,India,,
39304242,K305H-52,21400,1103.87,1.54,Mumbai,,India,1,510101364,Asscher,E,6.33,6.3,4.22,1.0,https://videos.gem360.in/imaged/510101364/still.jpg,https://videos.gem360.in/Vision360.html?d=510101364,https://www.igi.org/viewpdf.php?r=LG510101364,716.8,IGI,,,,,VS1,,Excellent,Excellent,67.0,63.0,,,,None,Asscher 1.54ct E VS1,,,,,,-94.4,None,,2022-02-11T08:57:43.718Z,2022-11-26T14:54:50.372Z,716.8,1103.872,VS1,VS1,,,,,None,None,IGI,IGI,Excellent,EX,Asscher,AC,Excellent,EX,Brahmani Gems (Mumbai),,,,,,,,,Asscher 1.54ct E VS1,7021219893,9833431844,brahmanigems@gmail.com,Sumant Mendpara,Dw3200 Bharat Diamond Bourse Bkc Bandra East,Mumbai,,India,,
39304243,K305H-54,21400,954.80,1.55,Mumbai,,India,1,510186751,Asscher,D,6.38,6.32,4.15,1.01,https://videos.gem360.in/imaged/510186751/still.jpg,https://videos.gem360.in/Vision360.html?d=510186751,https://www.igi.org/viewpdf.php?r=LG510186751,616.0,IGI,,,,,SI1,,Excellent,Excellent,65.7,56.0,,,,None,Asscher 1.55ct D SI1,,,,,,-94.4,None,,2022-02-11T08:57:43.845Z,2022-11-26T14:54:50.372Z,616.0,954.8,SI1,SI1,,,,,None,None,IGI,IGI,Excellent,EX,Asscher,AC,Excellent,EX,Brahmani Gems (Mumbai),,,,,,,,,Asscher 1.55ct D SI1,7021219893,9833431844,brahmanigems@gmail.com,Sumant Mendpara,Dw3200 Bharat Diamond Bourse Bkc Bandra East,Mumbai,,India,,
39304245,K305H-33,21400,1194.37,1.72,Mumbai,,India,1,510171935,Asscher,D,6.74,6.7,4.2,1.01,https://videos.gem360.in/imaged/510171935/still.jpg,https://videos.gem360.in/Vision360.html?d=510171935,https://www.igi.org/viewpdf.php?r=LG510171935,694.4,IGI,,,,,VS2,,Excellent,Excellent,62.7,57.5,,,,None,Asscher 1.72ct D VS2,,,,,,-94.4,None,,2022-02-11T08:57:43.945Z,2022-11-26T14:54:50.372Z,694.4,1194.368,VS2,VS2,,,,,None,None,IGI,IGI,Excellent,EX,Asscher,AC,Excellent,EX,Brahmani Gems (Mumbai),,,,,,,,,Asscher 1.72ct D VS2,7021219893,9833431844,brahmanigems@gmail.com,Sumant Mendpara,Dw3200 Bharat Diamond Bourse Bkc Bandra East,Mumbai,,India,,
39304253,K305H-2,21400,1185.03,1.71,Mumbai,,India,1,510186753,Cushion,E,7.41,6.99,4.36,1.06,https://videos.gem360.in/imaged/510186753/still.jpg,https://videos.gem360.in/Vision360.html?d=510186753,https://www.igi.org/viewpdf.php?r=LG510186753,693.0,IGI,,,,,SI1,,Excellent,Excellent,62.4,62.5,,,,None,Cushion 1.71ct E SI1,,,,,,-93.4,None,,2022-02-11T08:57:45.162Z,2022-11-26T14:54:50.372Z,693.0,1185.03,SI1,SI1,,,,,None,None,IGI,IGI,Excellent,EX,Cushion,CU,Excellent,EX,Brahmani Gems (Mumbai),,,,,,,,,Cushion 1.71ct E SI1,7021219893,9833431844,brahmanigems@gmail.com,Sumant Mendpara,Dw3200 Bharat Diamond Bourse Bkc Bandra East,Mumbai,,India,,
39304255,K305H-32,21400,1307.65,2.02,Mumbai,,India,1,510171934,Cushion,D,7.31,7.22,4.79,1.01,https://videos.gem360.in/imaged/510171934/still.jpg,https://videos.gem360.in/Vision360.html?d=510171934,https://www.igi.org/viewpdf.php?r=LG510171934,647.35,IGI,,,,,SI2,,Excellent,Excellent,66.3,61.5,,,,None,Cushion 2.02ct D SI2,,,,,,-94.65,None,,2022-02-11T08:57:45.449Z,2022-11-26T14:54:50.372Z,647.35,1307.647,SI2,SI2,,,,,None,None,IGI,IGI,Excellent,EX,Cushion,CU,Excellent,EX,Brahmani Gems (Mumbai),,,,,,,,,Cushion 2.02ct D SI2,7021219893,9833431844,brahmanigems@gmail.com,Sumant Mendpara,Dw3200 Bharat Diamond Bourse Bkc Bandra East,Mumbai,,India,,
39963351,RM32-4,21776,1662.50,2.5,,,India,1,514268024,Round,G,8.64,8.68,5.4,,https://view.gem360.in/gem360/1202220820-RM32-4/thumb.jpg,https://view.gem360.in/gem360/1202220820-RM32-4/gem360-1202220820-RM32-4.html,https://www.igi.org/viewpdf.php?r=514268024,665.0,IGI,,,,,VS1,Ideal,Excellent,Excellent,62.4,55.5,,,,None,Round 2.50ct G VS1,,,,,YES,-96.5,None,,2022-02-12T10:12:56.238Z,2022-11-28T10:21:44.972Z,665.0,1662.5,VS1,VS1,,,Ideal,ID,None,None,IGI,IGI,Excellent,EX,Round,RB,Excellent,EX,Shreeji Diamond.,,,,,,,,,Round 2.50ct G VS1,9429379019,9624744882,shreejidiamondpal@gmail.com,Rahul Patel,Mahidhapura,Surat,,India,395003,
40565329,RM34-4,21776,1430.10,2.27,,,India,1,515217464,Round,G,8.39,8.44,5.2,,https://view.gem360.in/gem360/1902220443-RM34-4/thumb.jpg,https://view.gem360.in/gem360/1902220443-RM34-4/gem360-1902220443-RM34-4.html,https://www.igi.org/viewpdf.php?r=515217464,630.0,IGI,,,,,VVS2,Ideal,Excellent,Excellent,61.8,57.5,,,,None,Round 2.27ct G VVS2,,,,,YES,-97.0,None,,2022-02-18T06:27:56.216Z,2022-11-28T10:21:44.972Z,630.0,1430.1,VVS2,VVS2,,,Ideal,ID,None,None,IGI,IGI,Excellent,EX,Round,RB,Excellent,EX,Shreeji Diamond.,,,,,,,,,Round 2.27ct G VVS2,9429379019,9624744882,shreejidiamondpal@gmail.com,Rahul Patel,Mahidhapura,Surat,,India,395003,
40670705,LE0001,26307,315.36,0.73,,,India,1,,Round,D,5.9,5.91,3.49,,https://thelabimage.com/REALIMAGELAB/LE0001.jpg,https://thelabimage.com/VIDEOIMAGELABHTML/LE0001.HTML,,432.0,IGI,,,,,VS2,Ideal,Excellent,Excellent,59.1,58.5,MEDIUM (FACETED),Thin,,None,Round 0.73ct D VS2,13.5,33.1,42.5,40.6,,-92.0,None,3.1,2022-02-22T11:58:05.231Z,2022-11-29T08:25:37.288Z,432.0,315.36,VS2,VS2,None,N,Ideal,ID,None,None,IGI,IGI,Excellent,EX,Round,RB,Excellent,EX,Pal Diam,,,Thin,Thin,,,,,Round 0.73ct D VS2,9820194599,9925499963,paldiam@hotmail.com,alpeshkumar saspara,"dw-2150,2160  bharat diamond bourse bkc.",Mumbai,,India,400051,
40670706,LD0001,26307,585.00,0.9,,,India,1,,Round,D,6.26,6.31,3.75,,https://thelabimage.com/REALIMAGELAB/LD0001.jpg,https://thelabimage.com/VIDEOIMAGELABHTML/LD0001.HTML,,650.0,IGI,,,,,VVS2,Ideal,Excellent,Excellent,59.8,58.0,,MEDIUM (FACETED),,None,Round 0.90ct D VVS2,13.5,33.0,42.5,40.6,100,-93.75,None,3.5,2022-02-22T11:58:05.441Z,2022-11-29T08:25:37.288Z,650.0,585.0,VVS2,VVS2,None,N,Ideal,ID,None,None,IGI,IGI,Excellent,EX,Round,RB,Excellent,EX,Pal Diam,,,,,,,,,Round 0.90ct D VVS2,9820194599,9925499963,paldiam@hotmail.com,alpeshkumar saspara,"dw-2150,2160  bharat diamond bourse bkc.",Mumbai,,India,400051,
40670710,LC0060,26307,709.29,1.11,,,St,1,,Round,D,6.64,6.65,4.09,,https://thelabimage.com/REALIMAGELAB/LC0060.jpg,https://thelabimage.com/VIDEOIMAGELABHTML/LC0060.HTML,,639.0,IGI,,,,,VVS2,Ideal,Excellent,Excellent,61.5,58.0,,MEDIUM (FACETED),,None,Round 1.11ct D VVS2,14.5,34.5,43.5,41.0,100,-95.5,None,3.8,2022-02-22T11:58:06.201Z,2022-11-29T08:25:37.288Z,639.0,709.29,VVS2,VVS2,None,N,Ideal,ID,None,None,IGI,IGI,Excellent,EX,Round,RB,Excellent,EX,Pal Diam,,,,,,,,,Round 1.11ct D VVS2,9820194599,9925499963,paldiam@hotmail.com,alpeshkumar saspara,"dw-2150,2160  bharat diamond bourse bkc.",Mumbai,,India,400051,
40670718,LC0059,26307,812.50,1.3,,,India,1,,Round,D,6.94,6.99,4.31,,https://thelabimage.com/REALIMAGELAB/LC0059.jpg,https://thelabimage.com/VIDEOIMAGELABHTML/LC0059.HTML,,625.0,IGI,,,,,VS1,Ideal,Excellent,Excellent,61.9,55.5,,MEDIUM (FACETED),,None,Round 1.30ct D VS1,16.0,35.3,42.5,40.3,100,-95.0,None,3.9,2022-02-22T11:58:07.708Z,2022-11-29T08:25:37.288Z,625.0,812.5,VS1,VS1,None,N,Ideal,ID,None,None,IGI,IGI,Excellent,EX,Round,RB,Excellent,EX,Pal Diam,,,,,,,,,Round 1.30ct D VS1,9820194599,9925499963,paldiam@hotmail.com,alpeshkumar saspara,"dw-2150,2160  bharat diamond bourse bkc.",Mumbai,,India,400051,
40670723,LC0033,26307,584.42,1.11,,,St,1,,Round,E,6.63,6.66,4.08,,https://thelabimage.com/REALIMAGELAB/LC0033.jpg,https://thelabimage.com/VIDEOIMAGELABHTML/LC0033.HTML,,526.5,IGI,,,,,VS1,Ideal,Excellent,Excellent,61.3,56.0,,MEDIUM (FACETED),,None,Round 1.11ct E VS1,15.5,35.0,42.5,40.3,100,-95.5,None,3.8,2022-02-22T11:58:08.510Z,2022-11-29T08:25:37.288Z,526.5,584.42,VS1,VS1,None,N,Ideal,ID,None,None,IGI,IGI,Excellent,EX,Round,RB,Excellent,EX,Pal Diam,,,,,,,,,Round 1.11ct E VS1,9820194599,9925499963,paldiam@hotmail.com,alpeshkumar saspara,"dw-2150,2160  bharat diamond bourse bkc.",Mumbai,,India,400051,
40670726,LC0034,26307,772.20,1.32,,,St,1,,Round,E,7.03,7.06,4.36,,https://thelabimage.com/REALIMAGELAB/LC0034.jpg,https://thelabimage.com/VIDEOIMAGELABHTML/LC0034.HTML,,585.0,IGI,,,,,VS1,Ideal,Excellent,Excellent,61.9,56.0,,MEDIUM (FACETED),,None,Round 1.32ct E VS1,15.0,34.0,43.5,41.1,100,-95.0,None,3.5,2022-02-22T11:58:09.075Z,2022-11-29T08:25:37.288Z,585.0,772.2,VS1,VS1,None,N,Ideal,ID,None,None,IGI,IGI,Excellent,EX,Round,RB,Excellent,EX,Pal Diam,,,,,,,,,Round 1.32ct E VS1,9820194599,9925499963,paldiam@hotmail.com,alpeshkumar saspara,"dw-2150,2160  bharat diamond bourse bkc.",Mumbai,,India,400051,
40670727,LC0012,26307,654.00,1.2,,,St,1,,Round,F,6.93,6.96,4.14,,https://thelabimage.com/REALIMAGELAB/LC0012.jpg,https://thelabimage.com/VIDEOIMAGELABHTML/LC0012.HTML,,545.0,IGI,,,,,VS1,Ideal,Excellent,Excellent,59.6,58.5,,MEDIUM (FACETED),,None,Round 1.20ct F VS1,13.5,33.0,43.0,40.9,100,-95.0,None,3.0,2022-02-22T11:58:09.371Z,2022-11-29T08:25:37.288Z,545.0,654.0,VS1,VS1,None,N,Ideal,ID,None,None,IGI,IGI,Excellent,EX,Round,RB,Excellent,EX,Pal Diam,,,,,,,,,Round 1.20ct F VS1,9820194599,9925499963,paldiam@hotmail.com,alpeshkumar saspara,"dw-2150,2160  bharat diamond bourse bkc.",Mumbai,,India,400051,
40670739,LB0049,26307,1324.09,1.55,,,St,1,,Round,D,7.38,7.44,4.62,,https://thelabimage.com/REALIMAGELAB/LB0049.jpg,https://thelabimage.com/VIDEOIMAGELABHTML/LB0049.HTML,,854.25,IGI,,,,,VVS2,Ideal,Excellent,Excellent,62.4,56.0,,MEDIUM (FACETED),,None,Round 1.55ct D VVS2,15.5,35.1,43.5,41.1,100,-95.75,None,3.5,2022-02-22T11:58:11.697Z,2022-11-29T08:25:37.288Z,854.25,1324.09,VVS2,VVS2,None,N,Ideal,ID,None,None,IGI,IGI,Excellent,EX,Round,RB,Excellent,EX,Pal Diam,,,,,,,,,Round 1.55ct D VVS2,9820194599,9925499963,paldiam@hotmail.com,alpeshkumar saspara,"dw-2150,2160  bharat diamond bourse bkc.",Mumbai,,India,400051,
40670740,LB0057,26307,1332.63,1.56,,,St,1,,Round,D,7.4,7.43,4.62,,https://thelabimage.com/REALIMAGELAB/LB0057.jpg,https://thelabimage.com/VIDEOIMAGELABHTML/LB0057.HTML,,854.25,IGI,,,,,VVS2,Ideal,Excellent,Excellent,62.3,56.0,,MEDIUM (FACETED),,None,Round 1.56ct D VVS2,15.5,35.3,43.0,40.8,100,-95.75,None,3.6,2022-02-22T11:58:11.850Z,2022-11-29T08:25:37.288Z,854.25,1332.63,VVS2,VVS2,None,N,Ideal,ID,None,None,IGI,IGI,Excellent,EX,Round,RB,Excellent,EX,Pal Diam,,,,,,,,,Round 1.56ct D VVS2,9820194599,9925499963,paldiam@hotmail.com,alpeshkumar saspara,"dw-2150,2160  bharat diamond bourse bkc.",Mumbai,,India,400051,
40670741,LB0055,26307,1366.80,1.6,,,St,1,,Round,D,7.47,7.51,4.66,,https://thelabimage.com/REALIMAGELAB/LB0055.jpg,https://thelabimage.com/VIDEOIMAGELABHTML/LB0055.HTML,,854.25,IGI,,,,,VVS2,Ideal,Excellent,Excellent,62.2,57.0,,MEDIUM (FACETED),,None,Round 1.60ct D VVS2,15.5,35.3,43.5,41.0,100,-95.75,None,3.5,2022-02-22T11:58:12.005Z,2022-11-29T08:25:37.288Z,854.25,1366.8,VVS2,VVS2,None,N,Ideal,ID,None,None,IGI,IGI,Excellent,EX,Round,RB,Excellent,EX,Pal Diam,,,,,,,,,Round 1.60ct D VVS2,9820194599,9925499963,paldiam@hotmail.com,alpeshkumar saspara,"dw-2150,2160  bharat diamond bourse bkc.",Mumbai,,India,400051,
40670743,LB0009,26307,1147.50,1.5,,,St,1,,Round,D,7.29,7.33,4.53,,https://thelabimage.com/REALIMAGELAB/LB0009.jpg,https://thelabimage.com/VIDEOIMAGELABHTML/LB0009.HTML,,765.0,IGI,,,,,VS1,Excellent,Excellent,Excellent,62.0,60.0,,MEDIUM (FACETED),,None,Round 1.50ct D VS1,14.5,35.6,44.0,41.3,100,-95.75,None,3.7,2022-02-22T11:58:12.410Z,2022-11-29T08:25:37.288Z,765.0,1147.5,VS1,VS1,None,N,Excellent,EX,None,None,IGI,IGI,Excellent,EX,Round,RB,Excellent,EX,Pal Diam,,,,,,,,,Round 1.50ct D VS1,9820194599,9925499963,paldiam@hotmail.com,alpeshkumar saspara,"dw-2150,2160  bharat diamond bourse bkc.",Mumbai,,India,400051,
40670746,LB0011,26307,1246.95,1.63,,,St,1,,Round,D,7.51,7.54,4.64,,https://thelabimage.com/REALIMAGELAB/LB0011.jpg,https://thelabimage.com/VIDEOIMAGELABHTML/LB0011.HTML,,765.0,IGI,,,,,VS1,Ideal,Excellent,Excellent,61.6,58.5,,MEDIUM (FACETED),,None,Round 1.63ct D VS1,15.0,35.9,43.0,40.6,100,-95.75,None,3.7,2022-02-22T11:58:13.047Z,2022-11-29T08:25:37.288Z,765.0,1246.95,VS1,VS1,None,N,Ideal,ID,None,None,IGI,IGI,Excellent,EX,Round,RB,Excellent,EX,Pal Diam,,,,,,,,,Round 1.63ct D VS1,9820194599,9925499963,paldiam@hotmail.com,alpeshkumar saspara,"dw-2150,2160  bharat diamond bourse bkc.",Mumbai,,India,400051,
40670750,LB0015,26307,1185.28,1.67,,,St,1,,Round,E,7.56,7.61,4.69,,https://thelabimage.com/REALIMAGELAB/LB0015.jpg,https://thelabimage.com/VIDEOIMAGELABHTML/LB0015.HTML,,709.75,IGI,,,,,VS1,Ideal,Excellent,Excellent,61.9,57.0,,MEDIUM (FACETED),,None,Round 1.67ct E VS1,15.0,35.3,43.0,40.7,100,-95.75,None,3.8,2022-02-22T11:58:13.695Z,2022-11-29T08:25:37.288Z,709.75,1185.28,VS1,VS1,None,N,Ideal,ID,None,None,IGI,IGI,Excellent,EX,Round,RB,Excellent,EX,Pal Diam,,,,,,,,,Round 1.67ct E VS1,9820194599,9925499963,paldiam@hotmail.com,alpeshkumar saspara,"dw-2150,2160  bharat diamond bourse bkc.",Mumbai,,India,400051,
40670752,LB0062,26307,1227.40,1.7,,,St,1,,Round,F,7.7,7.76,4.64,,https://thelabimage.com/REALIMAGELAB/LB0062.jpg,https://thelabimage.com/VIDEOIMAGELABHTML/LB0062.HTML,,722.0,IGI,,,,,VS1,Ideal,Excellent,Excellent,60.0,58.5,,MEDIUM (FACETED),,None,Round 1.70ct F VS1,13.5,33.4,43.0,40.8,100,-95.25,None,3.4,2022-02-22T11:58:14.096Z,2022-11-29T08:25:37.288Z,722.0,1227.4,VS1,VS1,None,N,Ideal,ID,None,None,IGI,IGI,Excellent,EX,Round,RB,Excellent,EX,Pal Diam,,,,,,,,,Round 1.70ct F VS1,9820194599,9925499963,paldiam@hotmail.com,alpeshkumar saspara,"dw-2150,2160  bharat diamond bourse bkc.",Mumbai,,India,400051,
40670758,LB0047,26307,1077.48,1.64,,,St,1,,Round,E,7.55,7.58,4.64,,https://thelabimage.com/REALIMAGELAB/LB0047.jpg,https://thelabimage.com/VIDEOIMAGELABHTML/LB0047.HTML,,657.0,IGI,,,,,VS2,Ideal,Excellent,Excellent,61.4,58.5,SLIGHTLY THICK (FACETED),Medium,,None,Round 1.64ct E VS2,14.5,35.1,43.0,40.8,100,-95.5,None,3.7,2022-02-22T11:58:15.509Z,2022-11-29T08:25:37.288Z,657.0,1077.48,VS2,VS2,None,N,Ideal,ID,None,None,IGI,IGI,Excellent,EX,Round,RB,Excellent,EX,Pal Diam,,,Medium,Medium,,,,,Round 1.64ct E VS2,9820194599,9925499963,paldiam@hotmail.com,alpeshkumar saspara,"dw-2150,2160  bharat diamond bourse bkc.",Mumbai,,India,400051,
40670765,LA0002,26307,1954.35,2.02,,,St,1,,Round,D,8.0,8.06,5.08,,https://thelabimage.com/REALIMAGELAB/LA0002.jpg,https://thelabimage.com/VIDEOIMAGELABHTML/LA0002.HTML,,967.5,IGI,,,,,VS2,Excellent,Excellent,Excellent,63.2,57.0,,MEDIUM (FACETED),,None,Round 2.02ct D VS2,16.0,36.4,43.5,41.1,100,-95.5,None,3.9,2022-02-22T11:58:16.708Z,2022-11-29T08:25:37.288Z,967.5,1954.35,VS2,VS2,None,N,Excellent,EX,None,None,IGI,IGI,Excellent,EX,Round,RB,Excellent,EX,Pal Diam,,,,,,,,,Round 2.02ct D VS2,9820194599,9925499963,paldiam@hotmail.com,alpeshkumar saspara,"dw-2150,2160  bharat diamond bourse bkc.",Mumbai,,India,400051,
40670779,LC0026,26307,538.08,1.14,,,St,1,,Oval,E,8.35,5.96,3.72,1.4,https://thelabimage.com/REALIMAGELAB/LC0026.jpg,https://thelabimage.com/VIDEOIMAGELABHTML/LC0026.HTML,,472.0,IGI,,,,,VS1,,Excellent,Excellent,62.4,58.5,SLIGHTLY THICK (FACETED),Medium,,None,Oval 1.14ct E VS1,15.0,36.3,44.0,40.6,100,-94.1,None,3.4,2022-02-22T11:58:19.253Z,2022-11-29T08:25:37.288Z,472.0,538.08,VS1,VS1,None,N,,,None,None,IGI,IGI,Excellent,EX,Oval,OV,Excellent,EX,Pal Diam,,,Medium,Medium,,,,,Oval 1.14ct E VS1,9820194599,9925499963,paldiam@hotmail.com,alpeshkumar saspara,"dw-2150,2160  bharat diamond bourse bkc.",Mumbai,,India,400051,
40670783,LC0003,26307,557.81,1.19,,,St,1,,Oval,D,8.4,6.0,3.73,1.4,https://thelabimage.com/REALIMAGELAB/LC0003.jpg,https://thelabimage.com/VIDEOIMAGELABHTML/LC0003.HTML,,468.75,IGI,,,,,VS2,,Excellent,Excellent,62.2,61.5,SLIGHTLY THICK (FACETED),Medium,,None,Oval 1.19ct D VS2,15.0,38.2,42.5,39.5,100,-93.75,None,4.3,2022-02-22T11:58:20.043Z,2022-11-29T08:25:37.288Z,468.75,557.81,VS2,VS2,None,N,,,None,None,IGI,IGI,Excellent,EX,Oval,OV,Excellent,EX,Pal Diam,,,Medium,Medium,,,,,Oval 1.19ct D VS2,9820194599,9925499963,paldiam@hotmail.com,alpeshkumar saspara,"dw-2150,2160  bharat diamond bourse bkc.",Mumbai,,India,400051,
40670797,LB0041,26307,1030.40,1.61,,,St,1,,Oval,E,9.38,6.67,4.2,1.41,https://thelabimage.com/REALIMAGELAB/LB0041.jpg,https://thelabimage.com/VIDEOIMAGELABHTML/LB0041.HTML,,640.0,IGI,,,,,VS1,,Excellent,Excellent,63.0,59.0,SLIGHTLY THICK (FACETED),Medium,,None,Oval 1.61ct E VS1,13.5,33.8,45.5,41.4,100,-95.0,None,4.0,2022-02-22T11:58:22.538Z,2022-11-29T08:25:37.288Z,640.0,1030.4,VS1,VS1,None,N,,,None,None,IGI,IGI,Excellent,EX,Oval,OV,Excellent,EX,Pal Diam,,,Medium,Medium,,,,,Oval 1.61ct E VS1,9820194599,9925499963,paldiam@hotmail.com,alpeshkumar saspara,"dw-2150,2160  bharat diamond bourse bkc.",Mumbai,,India,400051,
40670802,LB0059,26307,887.88,1.51,,,St,1,,Oval,F,9.18,6.49,4.07,1.41,https://thelabimage.com/REALIMAGELAB/LB0059.jpg,https://thelabimage.com/VIDEOIMAGELABHTML/LB0059.HTML,,588.0,IGI,,,,,VS2,,Excellent,Excellent,62.7,59.0,SLIGHTLY THICK (FACETED),Medium,,None,Oval 1.51ct F VS2,15.0,35.9,44.5,40.4,100,-94.75,None,3.4,2022-02-22T11:58:23.529Z,2022-11-29T08:25:37.288Z,588.0,887.88,VS2,VS2,None,N,,,None,None,IGI,IGI,Excellent,EX,Oval,OV,Excellent,EX,Pal Diam,,,Medium,Medium,,,,,Oval 1.51ct F VS2,9820194599,9925499963,paldiam@hotmail.com,alpeshkumar saspara,"dw-2150,2160  bharat diamond bourse bkc.",Mumbai,,India,400051,
40670812,LC0030,26307,510.26,1.02,,,St,1,,Pear,E,9.3,5.65,3.38,1.65,https://thelabimage.com/REALIMAGELAB/LC0030.jpg,https://thelabimage.com/VIDEOIMAGELABHTML/LC0030.HTML,,500.25,IGI,,,,,VVS2,,Excellent,Excellent,59.8,58.0,,Thin (Faceted),,None,Pear 1.02ct E VVS2,13.0,32.4,43.0,39.8,100,-94.25,None,3.7,2022-02-22T11:58:25.574Z,2022-11-29T08:25:37.288Z,500.25,510.26,VVS2,VVS2,None,N,,,None,None,IGI,IGI,Excellent,EX,Pear,PS,Excellent,EX,Pal Diam,,,,,,,,,Pear 1.02ct E VVS2,9820194599,9925499963,paldiam@hotmail.com,alpeshkumar saspara,"dw-2150,2160  bharat diamond bourse bkc.",Mumbai,,India,400051,
40670824,LA0018,26307,7813.58,4.51,,,St,1,,Emerald,E,10.84,7.72,5.19,1.4,https://thelabimage.com/REALIMAGELAB/LA0018.jpg,https://thelabimage.com/VIDEOIMAGELABHTML/LA0018.HTML,,1732.5,IGI,,,,,VS1,,Excellent,Excellent,67.2,65.5,Slightly Thick,Medium,,None,Emerald 4.51ct E VS1,12.0,17.9,51.5,37.1,100,-95.5,None,4.0,2022-02-22T11:58:27.771Z,2022-11-29T08:25:37.288Z,1732.5,7813.58,VS1,VS1,Large,L,,,None,None,IGI,IGI,Excellent,EX,Emerald,EC,Excellent,EX,Pal Diam,Slightly Thick,Slightly Thick,Medium,Medium,,,,,Emerald 4.51ct E VS1,9820194599,9925499963,paldiam@hotmail.com,alpeshkumar saspara,"dw-2150,2160  bharat diamond bourse bkc.",Mumbai,,India,400051,
40670827,LA0007,26307,11312.00,5.05,,,St,1,,Emerald,E,11.68,8.02,5.2,1.46,https://thelabimage.com/REALIMAGELAB/LA0007.jpg,https://thelabimage.com/VIDEOIMAGELABHTML/LA0007.HTML,,2240.0,IGI,,,,,VS1,,Excellent,Excellent,64.8,64.0,Slightly Thick,Medium,,None,Emerald 5.05ct E VS1,13.5,19.7,48.0,37.9,100,-96.0,None,3.6,2022-02-22T11:58:28.406Z,2022-11-29T08:25:37.288Z,2240.0,11312.0,VS1,VS1,Large,L,,,None,None,IGI,IGI,Excellent,EX,Emerald,EC,Excellent,EX,Pal Diam,Slightly Thick,Slightly Thick,Medium,Medium,,,,,Emerald 5.05ct E VS1,9820194599,9925499963,paldiam@hotmail.com,alpeshkumar saspara,"dw-2150,2160  bharat diamond bourse bkc.",Mumbai,,India,400051,
40799951,B-1,26374,860.28,2.01,Surat,,India,1,517201288,Radiant,I,,,,1.35,https://view.gem360.in/gem360/1402221131-B-1/thumb.jpg,https://view.gem360.in/gem360/1402221131-B-1/gem360-1402221131-B-1.html,https://www.igi.org/reports/verify-your-report-app?r=517201288,428.0,IGI,,,,,VVS2,Excellent,Excellent,Excellent,73.5,70.0,,,,None,Radiant 2.01ct I VVS2,,,,,EYE CLEAN,-96.0,None,,2022-02-24T11:57:44.258Z,2022-11-25T09:04:34.652Z,428.0,860.28,VVS2,VVS2,,,Excellent,EX,None,None,IGI,IGI,Excellent,EX,Radiant,RAD,Excellent,EX,Vihan Gems.,,,,,,,,,Radiant 2.01ct I VVS2,8141491891,9879820993,bhavinshah_4029@yahoo.in,Bhavin Shah,"306,navpad bullding ,jadakhadi,mahidharpura",Surat,,India,395009,
40799952,B-8,26374,540.00,1.2,Surat,,India,1,517201289,Pear,F,,,,1.54,https://view.gem360.in/gem360/1602221105-B-8/thumb.jpg,https://view.gem360.in/gem360/1602221105-B-8/gem360-1602221105-B-8.html,https://www.igi.org/reports/verify-your-report-app?r=517201289,450.0,IGI,,,,,VS1,Excellent,Very Good,Excellent,61.1,62.0,,,,None,Pear 1.20ct F VS1,,,,,EYE CLEAN,-94.0,None,,2022-02-24T11:57:44.425Z,2022-11-25T09:04:34.652Z,450.0,540.0,VS1,VS1,,,Excellent,EX,None,None,IGI,IGI,Excellent,EX,Pear,PS,Very Good,VG,Vihan Gems.,,,,,,,,,Pear 1.20ct F VS1,8141491891,9879820993,bhavinshah_4029@yahoo.in,Bhavin Shah,"306,navpad bullding ,jadakhadi,mahidharpura",Surat,,India,395009,
40799953,B-11,26374,1320.00,2.0,Surat,,India,1,517201290,Marquise,G,,,,1.83,https://view.gem360.in/gem360/1602221111-B-11/thumb.jpg,https://view.gem360.in/gem360/1602221111-B-11/gem360-1602221111-B-11.html,https://www.igi.org/reports/verify-your-report-app?r=517201290,660.0,IGI,,,,,VVS2,Excellent,Excellent,Excellent,58.3,68.5,,,,None,Marquise 2.00ct G VVS2,,,,,EYE CLEAN,-96.0,None,,2022-02-24T11:57:44.710Z,2022-11-25T09:04:34.652Z,660.0,1320.0,VVS2,VVS2,,,Excellent,EX,None,None,IGI,IGI,Excellent,EX,Marquise,MQ,Excellent,EX,Vihan Gems.,,,,,,,,,Marquise 2.00ct G VVS2,8141491891,9879820993,bhavinshah_4029@yahoo.in,Bhavin Shah,"306,navpad bullding ,jadakhadi,mahidharpura",Surat,,India,395009,
40799955,LC0069,26307,627.00,1.0,,,St,1,,Round,E,6.36,6.41,3.98,,https://thelabimage.com/REALIMAGELAB/LC0069.jpg,https://thelabimage.com/VIDEOIMAGELABHTML/LC0069.HTML,,627.0,IGI,,,,,VVS2,Ideal,Excellent,Excellent,62.3,55.5,,MEDIUM (FACETED),,None,Round 1.00ct E VVS2,15.5,35.4,42.5,40.5,100,-95.25,None,3.9,2022-02-24T11:59:12.520Z,2022-11-29T08:25:37.288Z,627.0,627.0,VVS2,VVS2,None,N,Ideal,ID,None,None,IGI,IGI,Excellent,EX,Round,RB,Excellent,EX,Pal Diam,,,,,,,,,Round 1.00ct E VVS2,9820194599,9925499963,paldiam@hotmail.com,alpeshkumar saspara,"dw-2150,2160  bharat diamond bourse bkc.",Mumbai,,India,400051,
40799956,LC0068,26307,752.40,1.2,,,St,1,,Round,E,6.82,6.86,4.18,,https://thelabimage.com/REALIMAGELAB/LC0068.jpg,https://thelabimage.com/VIDEOIMAGELABHTML/LC0068.HTML,,627.0,IGI,,,,,VVS2,Ideal,Excellent,Excellent,61.1,58.5,,MEDIUM (FACETED),,None,Round 1.20ct E VVS2,13.5,33.0,43.5,41.2,100,-95.25,None,3.9,2022-02-24T11:59:12.801Z,2022-11-29T08:25:37.288Z,627.0,752.4,VVS2,VVS2,None,N,Ideal,ID,None,None,IGI,IGI,Excellent,EX,Round,RB,Excellent,EX,Pal Diam,,,,,,,,,Round 1.20ct E VVS2,9820194599,9925499963,paldiam@hotmail.com,alpeshkumar saspara,"dw-2150,2160  bharat diamond bourse bkc.",Mumbai,,India,400051,
40799959,LC0071,26307,588.82,1.08,,,St,1,,Oval,D,8.46,5.85,3.6,1.45,https://thelabimage.com/REALIMAGELAB/LC0071.jpg,https://thelabimage.com/VIDEOIMAGELABHTML/LC0071.HTML,,545.2,IGI,,,,,VVS2,,Excellent,Excellent,61.5,55.0,SLIGHTLY THICK (FACETED),Medium,,None,Oval 1.08ct D VVS2,14.0,32.7,44.0,40.3,100,-94.2,None,3.4,2022-02-24T11:59:19.817Z,2022-11-29T08:25:37.288Z,545.2,588.82,VVS2,VVS2,None,N,,,None,None,IGI,IGI,Excellent,EX,Oval,OV,Excellent,EX,Pal Diam,,,Medium,Medium,,,,,Oval 1.08ct D VVS2,9820194599,9925499963,paldiam@hotmail.com,alpeshkumar saspara,"dw-2150,2160  bharat diamond bourse bkc.",Mumbai,,India,400051,
40804182,K507H-94,21400,329.40,1.0,Mumbai,,India,1,516274490,Asscher,G,5.55,5.52,3.64,1.01,https://videos.gem360.in/imaged/516274490/still.jpg,https://videos.gem360.in/Vision360.html?d=516274490,https://www.igi.org/viewpdf.php?r=LG516274490,329.4,IGI,,,,,SI1,,Very Good,Excellent,65.9,70.0,,,,None,Asscher 1.00ct G SI1,,,,,,-93.9,None,,2022-02-24T12:58:10.322Z,2022-11-26T14:54:50.372Z,329.4,329.4,SI1,SI1,,,,,None,None,IGI,IGI,Excellent,EX,Asscher,AC,Very Good,VG,Brahmani Gems (Mumbai),,,,,,,,,Asscher 1.00ct G SI1,7021219893,9833431844,brahmanigems@gmail.com,Sumant Mendpara,Dw3200 Bharat Diamond Bourse Bkc Bandra East,Mumbai,,India,,
40804205,K507H-14,21400,1165.25,1.53,Mumbai,,India,1,515217751,Asscher,D,6.52,6.51,4.04,1.0,https://videos.gem360.in/imaged/515217751/still.jpg,https://videos.gem360.in/Vision360.html?d=515217751,https://www.igi.org/viewpdf.php?r=LG515217751,761.6,IGI,,,,,VS1,,Excellent,Excellent,62.1,62.0,,,,None,Asscher 1.53ct D VS1,,,,,,-94.4,None,,2022-02-24T12:58:13.986Z,2022-11-26T14:54:50.372Z,761.6,1165.248,VS1,VS1,,,,,None,None,IGI,IGI,Excellent,EX,Asscher,AC,Excellent,EX,Brahmani Gems (Mumbai),,,,,,,,,Asscher 1.53ct D VS1,7021219893,9833431844,brahmanigems@gmail.com,Sumant Mendpara,Dw3200 Bharat Diamond Bourse Bkc Bandra East,Mumbai,,India,,
40804238,K507H-1,21400,1009.80,1.8,Mumbai,,India,1,514289879,Cushion,H,7.21,7.17,4.58,1.01,https://videos.gem360.in/imaged/514289879/still.jpg,https://videos.gem360.in/Vision360.html?d=514289879,https://www.igi.org/viewpdf.php?r=LG514289879,561.0,IGI,,,,,SI1,,Excellent,Excellent,63.9,62.5,,,,None,Cushion 1.80ct H SI1,,,,,,-93.4,None,,2022-02-24T12:58:20.199Z,2022-11-26T14:54:50.372Z,561.0,1009.8,SI1,SI1,,,,,None,None,IGI,IGI,Excellent,EX,Cushion,CU,Excellent,EX,Brahmani Gems (Mumbai),,,,,,,,,Cushion 1.80ct H SI1,7021219893,9833431844,brahmanigems@gmail.com,Sumant Mendpara,Dw3200 Bharat Diamond Bourse Bkc Bandra East,Mumbai,,India,,
40917711,B-17,26374,640.50,1.5,Surat,,India,1,517201293,Pear,H,,,,1.63,https://view.gem360.in/gem360/1002221147-B-17/thumb.jpg,https://view.gem360.in/gem360/1002221147-B-17/gem360-1002221147-B-17.html,https://www.igi.org/reports/verify-your-report-app?r=517201293,427.0,IGI,,,,,VS1,Excellent,Very Good,Excellent,65.7,59.5,,,,None,Pear 1.50ct H VS1,,,,,EYE CLEAN,-95.51,None,,2022-02-26T04:58:23.879Z,2022-11-25T09:04:34.652Z,427.0,640.5,VS1,VS1,,,Excellent,EX,None,None,IGI,IGI,Excellent,EX,Pear,PS,Very Good,VG,Vihan Gems.,,,,,,,,,Pear 1.50ct H VS1,8141491891,9879820993,bhavinshah_4029@yahoo.in,Bhavin Shah,"306,navpad bullding ,jadakhadi,mahidharpura",Surat,,India,395009,
40918045,RM32-7,21776,2041.20,2.52,,,India,1,515217478,Oval,F,10.66,7.64,4.83,1.4,https://view.gem360.in/gem360/2602220528-RM32-7/thumb.jpg,https://view.gem360.in/gem360/2602220528-RM32-7/gem360-2602220528-RM32-7.html,https://www.igi.org/viewpdf.php?r=515217478,810.0,IGI,,,,,VVS2,,Excellent,Excellent,63.2,57.0,,,,None,Oval 2.52ct F VVS2,,,,,YES,-95.5,None,,2022-02-26T06:51:25.805Z,2022-11-28T10:21:44.972Z,810.0,2041.2,VVS2,VVS2,,,,,None,None,IGI,IGI,Excellent,EX,Oval,OV,Excellent,EX,Shreeji Diamond.,,,,,,,,,Oval 2.52ct F VVS2,9429379019,9624744882,shreejidiamondpal@gmail.com,Rahul Patel,Mahidhapura,Surat,,India,395003,
40919403,LD0002,26307,591.50,0.91,,,India,1,,Round,D,6.27,6.33,3.73,,https://thelabimage.com/REALIMAGELAB/LD0002.jpg,https://thelabimage.com/VIDEOIMAGELABHTML/LD0002.HTML,,650.0,IGI,,,,,VVS2,Ideal,Excellent,Excellent,59.3,58.5,SLIGHTLY THICK (FACETED),Medium,,None,Round 0.91ct D VVS2,13.5,33.1,42.0,40.2,100,-93.75,None,3.7,2022-02-26T12:16:19.994Z,2022-11-29T08:25:37.288Z,650.0,591.5,VVS2,VVS2,None,N,Ideal,ID,None,None,IGI,IGI,Excellent,EX,Round,RB,Excellent,EX,Pal Diam,,,Medium,Medium,,,,,Round 0.91ct D VVS2,9820194599,9925499963,paldiam@hotmail.com,alpeshkumar saspara,"dw-2150,2160  bharat diamond bourse bkc.",Mumbai,,India,400051,
40919410,LC0070,26307,654.38,1.19,,,St,1,,Oval,D,8.51,6.06,3.78,1.4,https://thelabimage.com/REALIMAGELAB/LC0070.jpg,https://thelabimage.com/VIDEOIMAGELABHTML/LC0070.HTML,,549.9,IGI,,,,,VVS2,,Excellent,Excellent,62.4,59.0,MEDIUM (FACETED),Thin,,None,Oval 1.19ct D VVS2,15.5,37.2,43.0,40.3,100,-94.15,None,4.1,2022-02-26T12:16:30.049Z,2022-11-29T08:25:37.288Z,549.9,654.38,VVS2,VVS2,None,N,,,None,None,IGI,IGI,Excellent,EX,Oval,OV,Excellent,EX,Pal Diam,,,Thin,Thin,,,,,Oval 1.19ct D VVS2,9820194599,9925499963,paldiam@hotmail.com,alpeshkumar saspara,"dw-2150,2160  bharat diamond bourse bkc.",Mumbai,,India,400051,
40919411,LC0075,26307,652.76,1.23,,,St,1,,Oval,E,8.54,6.08,3.83,1.4,https://thelabimage.com/REALIMAGELAB/LC0075.jpg,https://thelabimage.com/VIDEOIMAGELABHTML/LC0075.HTML,,530.7,IGI,,,,,VVS2,,Excellent,Excellent,63.0,58.0,,MEDIUM (FACETED),,None,Oval 1.23ct E VVS2,15.5,36.5,44.5,40.5,100,-93.9,None,3.3,2022-02-26T12:16:30.330Z,2022-11-29T08:25:37.288Z,530.7,652.76,VVS2,VVS2,None,N,,,None,None,IGI,IGI,Excellent,EX,Oval,OV,Excellent,EX,Pal Diam,,,,,,,,,Oval 1.23ct E VVS2,9820194599,9925499963,paldiam@hotmail.com,alpeshkumar saspara,"dw-2150,2160  bharat diamond bourse bkc.",Mumbai,,India,400051,
40959404,B-7,26374,622.44,1.71,Surat,,India,1,519227829,Cushion,G,,,,1.14,https://view.gem360.in/gem360/2202221018-B-7/thumb.jpg,https://view.gem360.in/gem360/2202221018-B-7/gem360-2202221018-B-7.html,https://www.igi.org/reports/verify-your-report-app?r=519227829,364.0,IGI,,,,,VS2,Excellent,Excellent,Excellent,64.8,70.0,,,,None,Cushion 1.71ct G VS2,,,,,EYE CLEAN,-96.5,None,,2022-02-28T10:05:43.318Z,2022-11-25T09:04:34.652Z,364.0,622.44,VS2,VS2,,,Excellent,EX,None,None,IGI,IGI,Excellent,EX,Cushion,CU,Excellent,EX,Vihan Gems.,,,,,,,,,Cushion 1.71ct G VS2,8141491891,9879820993,bhavinshah_4029@yahoo.in,Bhavin Shah,"306,navpad bullding ,jadakhadi,mahidharpura",Surat,,India,395009,
40969861,LC0083,26307,567.01,1.04,,,St,1,,Oval,D,8.13,5.77,3.63,1.41,https://thelabimage.com/REALIMAGELAB/LC0083.jpg,https://thelabimage.com/VIDEOIMAGELABHTML/LC0083.HTML,,545.2,IGI,,,,,VVS2,,Excellent,Excellent,62.9,59.0,MEDIUM (FACETED),Thin,,None,Oval 1.04ct D VVS2,13.0,32.8,46.0,41.5,100,-94.2,None,4.2,2022-02-28T11:12:55.835Z,2022-11-29T08:25:37.288Z,545.2,567.01,VVS2,VVS2,None,N,,,None,None,IGI,IGI,Excellent,EX,Oval,OV,Excellent,EX,Pal Diam,,,Thin,Thin,,,,,Oval 1.04ct D VVS2,9820194599,9925499963,paldiam@hotmail.com,alpeshkumar saspara,"dw-2150,2160  bharat diamond bourse bkc.",Mumbai,,India,400051,
40969873,LB0065,26307,936.36,1.53,,,St,1,,Emerald,E,7.63,5.42,3.7,1.41,https://thelabimage.com/REALIMAGELAB/LB0065.jpg,https://thelabimage.com/VIDEOIMAGELABHTML/LB0065.HTML,,612.0,IGI,,,,,VVS2,,Excellent,Excellent,68.3,63.0,,Medium,,None,Emerald 1.53ct E VVS2,14.5,29.7,49.5,41.0,100,-95.5,None,4.0,2022-02-28T11:13:01.822Z,2022-11-29T08:25:37.288Z,612.0,936.36,VVS2,VVS2,Large,L,,,None,None,IGI,IGI,Excellent,EX,Emerald,EC,Excellent,EX,Pal Diam,,,Medium,Medium,,,,,Emerald 1.53ct E VVS2,9820194599,9925499963,paldiam@hotmail.com,alpeshkumar saspara,"dw-2150,2160  bharat diamond bourse bkc.",Mumbai,,India,400051,
41059989,RM34-11,21776,1530.00,2.0,,,India,1,516245670,Pear,F,10.79,7.04,4.48,1.53,https://view.gem360.in/gem360/0203220522-RM34-11/thumb.jpg,https://view.gem360.in/gem360/0203220522-RM34-11/gem360-0203220522-RM34-11.html,https://www.igi.org/viewpdf.php?r=516245670,765.0,IGI,,,,,VS1,,Very Good,Excellent,63.6,57.5,,,,None,Pear 2.00ct F VS1,,,,,YES,-95.5,None,,2022-03-02T09:13:26.783Z,2022-11-28T10:21:44.972Z,765.0,1530.0,VS1,VS1,,,,,None,None,IGI,IGI,Excellent,EX,Pear,PS,Very Good,VG,Shreeji Diamond.,,,,,,,,,Pear 2.00ct F VS1,9429379019,9624744882,shreejidiamondpal@gmail.com,Rahul Patel,Mahidhapura,Surat,,India,395003,
41122553,LD0003,26307,585.00,0.9,,,India,1,,Round,D,6.17,6.21,3.81,,https://thelabimage.com/REALIMAGELAB/LD0003.jpg,https://thelabimage.com/VIDEOIMAGELABHTML/LD0003.HTML,,650.0,IGI,,,,,VVS2,Ideal,Excellent,Excellent,61.5,55.5,SLIGHTLY THICK (FACETED),Medium,,None,Round 0.90ct D VVS2,15.0,34.0,42.5,40.4,100,-93.75,None,4.0,2022-03-03T13:16:07.318Z,2022-11-29T08:25:43.323Z,650.0,585.0,VVS2,VVS2,None,N,Ideal,ID,None,None,IGI,IGI,Excellent,EX,Round,RB,Excellent,EX,Pal Diam,,,Medium,Medium,,,,,Round 0.90ct D VVS2,9820194599,9925499963,paldiam@hotmail.com,alpeshkumar saspara,"dw-2150,2160  bharat diamond bourse bkc.",Mumbai,,India,400051,
41122561,LC0090,26307,555.28,1.11,,,St,1,,Oval,E,8.27,5.9,3.64,1.4,https://thelabimage.com/REALIMAGELAB/LC0090.jpg,https://thelabimage.com/VIDEOIMAGELABHTML/LC0090.HTML,,500.25,IGI,,,,,VVS2,,Excellent,Excellent,61.7,60.5,SLIGHTLY THICK (FACETED),Medium,,None,Oval 1.11ct E VVS2,14.0,35.4,43.5,40.3,100,-94.25,None,4.1,2022-03-03T13:16:17.600Z,2022-11-29T08:25:37.288Z,500.25,555.28,VVS2,VVS2,None,N,,,None,None,IGI,IGI,Excellent,EX,Oval,OV,Excellent,EX,Pal Diam,,,Medium,Medium,,,,,Oval 1.11ct E VVS2,9820194599,9925499963,paldiam@hotmail.com,alpeshkumar saspara,"dw-2150,2160  bharat diamond bourse bkc.",Mumbai,,India,400051,
41122562,LC0091,26307,532.80,1.11,,,St,1,,Oval,E,8.31,5.9,3.7,1.41,https://thelabimage.com/REALIMAGELAB/LC0091.jpg,https://thelabimage.com/VIDEOIMAGELABHTML/LC0091.HTML,,480.0,IGI,,,,,VS1,,Excellent,Excellent,62.7,59.5,SLIGHTLY THICK (FACETED),Medium,,None,Oval 1.11ct E VS1,13.0,33.4,45.5,41.1,100,-94.0,None,4.0,2022-03-03T13:16:18.429Z,2022-11-29T08:25:37.288Z,480.0,532.8,VS1,VS1,None,N,,,None,None,IGI,IGI,Excellent,EX,Oval,OV,Excellent,EX,Pal Diam,,,Medium,Medium,,,,,Oval 1.11ct E VS1,9820194599,9925499963,paldiam@hotmail.com,alpeshkumar saspara,"dw-2150,2160  bharat diamond bourse bkc.",Mumbai,,India,400051,
41122564,LC0088,26307,506.00,1.1,,,St,1,,Pear,E,9.22,5.82,3.53,1.58,https://thelabimage.com/REALIMAGELAB/LC0088.jpg,https://thelabimage.com/VIDEOIMAGELABHTML/LC0088.HTML,,460.0,IGI,,,,,VS1,,Excellent,Excellent,60.7,60.0,SLIGHTLY THICK (FACETED),Medium,,None,Pear 1.10ct E VS1,12.5,32.7,44.5,40.9,100,-94.25,None,3.4,2022-03-03T13:16:22.655Z,2022-11-29T08:25:37.288Z,460.0,506.0,VS1,VS1,None,N,,,None,None,IGI,IGI,Excellent,EX,Pear,PS,Excellent,EX,Pal Diam,,,Medium,Medium,,,,,Pear 1.10ct E VS1,9820194599,9925499963,paldiam@hotmail.com,alpeshkumar saspara,"dw-2150,2160  bharat diamond bourse bkc.",Mumbai,,India,400051,
41155020,LE0009,26307,402.56,0.74,,,India,1,,Round,D,5.75,5.78,3.61,,https://thelabimage.com/REALIMAGELAB/LE0009.jpg,https://thelabimage.com/VIDEOIMAGELABHTML/LE0009.HTML,,544.0,IGI,,,,,VVS2,Ideal,Excellent,Excellent,62.5,55.5,SLIGHTLY THICK (FACETED),Medium,,None,Round 0.74ct D VVS2,15.5,34.8,43.0,40.8,100,-92.0,None,4.2,2022-03-04T10:13:11.587Z,2022-11-29T08:25:43.323Z,544.0,402.56,VVS2,VVS2,None,N,Ideal,ID,None,None,IGI,IGI,Excellent,EX,Round,RB,Excellent,EX,Pal Diam,,,Medium,Medium,,,,,Round 0.74ct D VVS2,9820194599,9925499963,paldiam@hotmail.com,alpeshkumar saspara,"dw-2150,2160  bharat diamond bourse bkc.",Mumbai,,India,400051,
41155022,LC0081,26307,666.90,1.2,,,St,1,,Round,E,6.78,6.82,4.2,,https://thelabimage.com/REALIMAGELAB/LC0081.jpg,https://thelabimage.com/VIDEOIMAGELABHTML/LC0081.HTML,,555.75,IGI,,,,,VS1,Ideal,Excellent,Excellent,61.7,55.5,,MEDIUM (FACETED),,None,Round 1.20ct E VS1,16.0,35.6,42.0,40.1,100,-95.25,None,3.8,2022-03-04T10:13:14.986Z,2022-11-29T08:25:43.323Z,555.75,666.9,VS1,VS1,None,N,Ideal,ID,None,None,IGI,IGI,Excellent,EX,Round,RB,Excellent,EX,Pal Diam,,,,,,,,,Round 1.20ct E VS1,9820194599,9925499963,paldiam@hotmail.com,alpeshkumar saspara,"dw-2150,2160  bharat diamond bourse bkc.",Mumbai,,India,400051,
41155023,LC0095,26307,556.80,1.16,,,St,1,,Oval,E,8.6,5.95,3.65,1.45,https://thelabimage.com/REALIMAGELAB/LC0095.jpg,https://thelabimage.com/VIDEOIMAGELABHTML/LC0095.HTML,,480.0,IGI,,,,,VS1,,Excellent,Excellent,61.3,58.0,MEDIUM (FACETED),Thin,,None,Oval 1.16ct E VS1,14.0,34.0,43.5,40.2,100,-94.0,None,3.5,2022-03-04T10:13:23.236Z,2022-11-29T08:25:43.323Z,480.0,556.8,VS1,VS1,None,N,,,None,None,IGI,IGI,Excellent,EX,Oval,OV,Excellent,EX,Pal Diam,,,Thin,Thin,,,,,Oval 1.16ct E VS1,9820194599,9925499963,paldiam@hotmail.com,alpeshkumar saspara,"dw-2150,2160  bharat diamond bourse bkc.",Mumbai,,India,400051,
41155025,LC0094,26307,534.53,1.16,,,St,1,,Oval,E,8.43,6.02,3.69,1.4,https://thelabimage.com/REALIMAGELAB/LC0094.jpg,https://thelabimage.com/VIDEOIMAGELABHTML/LC0094.HTML,,460.8,IGI,,,,,VS2,,Excellent,Excellent,61.3,59.5,SLIGHTLY THICK (FACETED),Medium,,None,Oval 1.16ct E VS2,14.5,35.8,43.5,40.3,100,-93.6,None,3.3,2022-03-04T10:13:24.498Z,2022-11-29T08:25:37.288Z,460.8,534.53,VS2,VS2,None,N,,,None,None,IGI,IGI,Excellent,EX,Oval,OV,Excellent,EX,Pal Diam,,,Medium,Medium,,,,,Oval 1.16ct E VS2,9820194599,9925499963,paldiam@hotmail.com,alpeshkumar saspara,"dw-2150,2160  bharat diamond bourse bkc.",Mumbai,,India,400051,
41155026,LB0069,26307,1235.56,1.58,,,St,1,,Pear,E,10.03,6.48,4.09,1.55,https://thelabimage.com/REALIMAGELAB/LB0069.jpg,https://thelabimage.com/VIDEOIMAGELABHTML/LB0069.HTML,,782.0,IGI,,,,,VVS2,,Excellent,Excellent,63.1,58.0,SLIGHTLY THICK (FACETED),Medium,,None,Pear 1.58ct E VVS2,14.5,34.9,43.5,40.4,100,-94.25,None,4.9,2022-03-04T10:13:28.064Z,2022-11-29T08:25:37.288Z,782.0,1235.56,VVS2,VVS2,None,N,,,None,None,IGI,IGI,Excellent,EX,Pear,PS,Excellent,EX,Pal Diam,,,Medium,Medium,,,,,Pear 1.58ct E VVS2,9820194599,9925499963,paldiam@hotmail.com,alpeshkumar saspara,"dw-2150,2160  bharat diamond bourse bkc.",Mumbai,,India,400051,
41155027,LB0066,26307,1600.04,1.81,,,St,1,,Asscher,E,6.69,6.66,4.37,1.0,https://thelabimage.com/REALIMAGELAB/LB0066.jpg,https://thelabimage.com/VIDEOIMAGELABHTML/LB0066.HTML,,884.0,IGI,,,,,VVS2,,Excellent,Excellent,65.6,63.0,Slightly Thick,Medium,,None,Asscher 1.81ct E VVS2,14.5,22.4,47.0,47.7,100,-93.5,None,4.3,2022-03-04T10:13:30.828Z,2022-11-29T08:25:37.288Z,884.0,1600.04,VVS2,VVS2,None,N,,,None,None,IGI,IGI,Excellent,EX,Asscher,AC,Excellent,EX,Pal Diam,Slightly Thick,Slightly Thick,Medium,Medium,,,,,Asscher 1.81ct E VVS2,9820194599,9925499963,paldiam@hotmail.com,alpeshkumar saspara,"dw-2150,2160  bharat diamond bourse bkc.",Mumbai,,India,400051,
41181542,B-6,26374,927.36,1.84,Surat,,India,1,519229117,Marquise,J,,,,2.09,https://view.gem360.in/gem360/2302220730-B-6/thumb.jpg,https://view.gem360.in/gem360/2302220730-B-6/gem360-2302220730-B-6.html,https://www.igi.org/reports/verify-your-report-app?r=519229117,504.0,IGI,,,,,VS1,Excellent,Excellent,Excellent,58.4,66.5,,,,None,Marquise 1.84ct J VS1,,,,,EYE CLEAN,-92.0,BGM,,2022-03-05T04:58:06.501Z,2022-11-25T09:04:34.652Z,504.0,927.36,VS1,VS1,,,Excellent,EX,None,None,IGI,IGI,Excellent,EX,Marquise,MQ,Excellent,EX,Vihan Gems.,,,,,,,,,Marquise 1.84ct J VS1,8141491891,9879820993,bhavinshah_4029@yahoo.in,Bhavin Shah,"306,navpad bullding ,jadakhadi,mahidharpura",Surat,,India,395009,
41181543,B-5,26374,680.20,1.79,Surat,,India,1,519237945,Pear,H,,,,1.49,https://view.gem360.in/gem360/2502220831-B-5/thumb.jpg,https://view.gem360.in/gem360/2502220831-B-5/gem360-2502220831-B-5.html,https://www.igi.org/reports/verify-your-report-app?r=519237945,380.0,IGI,,,,,VS1,Excellent,Excellent,Excellent,60.3,66.0,,,,None,Pear 1.79ct H VS1,,,,,EYE CLEAN,-96.0,None,,2022-03-05T04:58:07.164Z,2022-11-25T09:04:34.652Z,380.0,680.2,VS1,VS1,,,Excellent,EX,None,None,IGI,IGI,Excellent,EX,Pear,PS,Excellent,EX,Vihan Gems.,,,,,,,,,Pear 1.79ct H VS1,8141491891,9879820993,bhavinshah_4029@yahoo.in,Bhavin Shah,"306,navpad bullding ,jadakhadi,mahidharpura",Surat,,India,395009,
41181546,B-1.1,26374,511.92,1.62,Surat,,India,1,519231198,Pear,I,,,,1.63,https://view.gem360.in/gem360/2402220431-B-1-1/thumb.jpg,https://view.gem360.in/gem360/2402220431-B-1-1/gem360-2402220431-B-1-1.html,https://www.igi.org/reports/verify-your-report-app?r=519231198,316.0,IGI,,,,,VS1,Excellent,Excellent,Excellent,64.9,61.5,,,,None,Pear 1.62ct I VS1,,,,,EYE CLEAN,-96.0,None,,2022-03-05T04:58:09.021Z,2022-11-25T09:04:34.652Z,316.0,511.92,VS1,VS1,,,Excellent,EX,None,None,IGI,IGI,Excellent,EX,Pear,PS,Excellent,EX,Vihan Gems.,,,,,,,,,Pear 1.62ct I VS1,8141491891,9879820993,bhavinshah_4029@yahoo.in,Bhavin Shah,"306,navpad bullding ,jadakhadi,mahidharpura",Surat,,India,395009,
41234211,LB0076,26307,952.50,1.5,,,St,1,,Radiant,F,7.56,5.87,4.11,1.29,https://thelabimage.com/REALIMAGELAB/LB0076.jpg,https://thelabimage.com/VIDEOIMAGELABHTML/LB0076.HTML,,635.0,IGI,,,,,VVS2,,Excellent,Excellent,70.0,59.5,,Slightly Thick,,None,Radiant 1.50ct F VVS2,15.5,41.4,50.5,36.7,100,-95.0,None,4.1,2022-03-07T14:07:02.388Z,2022-11-29T08:25:37.288Z,635.0,952.5,VVS2,VVS2,None,N,,,None,None,IGI,IGI,Excellent,EX,Radiant,RAD,Excellent,EX,Pal Diam,,,Slightly Thick,Slightly Thick,,,,,Radiant 1.50ct F VVS2,9820194599,9925499963,paldiam@hotmail.com,alpeshkumar saspara,"dw-2150,2160  bharat diamond bourse bkc.",Mumbai,,India,400051,
41266506,RM34-6,21776,1148.47,2.03,,,India,1,516245672,Emerald,G,8.51,6.04,3.97,1.41,https://view.gem360.in/gem360/0703220907-RM34-6/thumb.jpg,https://view.gem360.in/gem360/0703220907-RM34-6/gem360-0703220907-RM34-6.html,https://www.igi.org/viewpdf.php?r=516245672,565.75,IGI,,,,,VS1,,Excellent,Excellent,65.7,66.0,,,,None,Emerald 2.03ct G VS1,,,,,YES,-96.35,None,,2022-03-08T06:28:32.527Z,2022-11-28T10:21:44.972Z,565.75,1148.4725,VS1,VS1,,,,,None,None,IGI,IGI,Excellent,EX,Emerald,EC,Excellent,EX,Shreeji Diamond.,,,,,,,,,Emerald 2.03ct G VS1,9429379019,9624744882,shreejidiamondpal@gmail.com,Rahul Patel,Mahidhapura,Surat,,India,395003,
41266972,B-3,26374,993.60,2.07,Surat,,India,1,519231199,Pear,H,,,,1.53,https://view.gem360.in/gem360/2402220428-B-3/thumb.jpg,https://view.gem360.in/gem360/2402220428-B-3/gem360-2402220428-B-3.html,https://www.igi.org/reports/verify-your-report-app?r=519231199,480.0,IGI,,,,,VS2,Excellent,Excellent,Excellent,60.6,63.0,,,,None,Pear 2.07ct H VS2,,,,,EYE CLEAN,-96.0,None,,2022-03-08T07:25:18.162Z,2022-11-25T09:04:34.652Z,480.0,993.6,VS2,VS2,,,Excellent,EX,None,None,IGI,IGI,Excellent,EX,Pear,PS,Excellent,EX,Vihan Gems.,,,,,,,,,Pear 2.07ct H VS2,8141491891,9879820993,bhavinshah_4029@yahoo.in,Bhavin Shah,"306,navpad bullding ,jadakhadi,mahidharpura",Surat,,India,395009,
41280591,LA0027,26307,8157.90,3.83,,,St,1,,Round,G,10.0,10.08,6.16,,https://thelabimage.com/REALIMAGELAB/LA0027.jpg,https://thelabimage.com/VIDEOIMAGELABHTML/LA0027.HTML,,2130.0,IGI,,,,,VVS1,Ideal,Excellent,Excellent,61.4,56.0,,MEDIUM (FACETED),,None,Round 3.83ct G VVS1,16.0,35.8,42.0,40.2,100,-94.0,None,3.3,2022-03-08T14:17:21.842Z,2022-11-29T08:25:43.323Z,2130.0,8157.9,VVS1,VVS1,None,N,Ideal,ID,None,None,IGI,IGI,Excellent,EX,Round,RB,Excellent,EX,Pal Diam,,,,,,,,,Round 3.83ct G VVS1,9820194599,9925499963,paldiam@hotmail.com,alpeshkumar saspara,"dw-2150,2160  bharat diamond bourse bkc.",Mumbai,,India,400051,
41397532,RM36-14,21776,1354.50,2.1,,,India,1,517288523,Round,F,8.1,8.16,5.08,,https://view.gem360.in/gem360/1003221102-RM36-14/thumb.jpg,https://view.gem360.in/gem360/1003221102-RM36-14/gem360-1003221102-RM36-14.html,https://www.igi.org/reports/verify-your-report-app?r=517288523,645.0,IGI,,,,,VS1,Ideal,Excellent,Excellent,62.5,58.5,,,,None,Round 2.10ct F VS1,,,,,YES,-97.0,None,,2022-03-10T11:47:26.397Z,2022-11-28T10:21:44.972Z,645.0,1354.5,VS1,VS1,,,Ideal,ID,None,None,IGI,IGI,Excellent,EX,Round,RB,Excellent,EX,Shreeji Diamond.,,,,,,,,,Round 2.10ct F VS1,9429379019,9624744882,shreejidiamondpal@gmail.com,Rahul Patel,Mahidhapura,Surat,,India,395003,
41397533,RM35-13,21776,1348.05,2.09,,,India,1,517288250,Round,F,8.27,8.31,4.95,,https://view.gem360.in/gem360/1003221107-RM35-13/thumb.jpg,https://view.gem360.in/gem360/1003221107-RM35-13/gem360-1003221107-RM35-13.html,https://www.igi.org/reports/verify-your-report-app?r=517288250,645.0,IGI,,,,,VS1,Ideal,Excellent,Excellent,59.8,59.5,,,,None,Round 2.09ct F VS1,,,,,YES,-97.0,None,,2022-03-10T11:47:26.547Z,2022-11-28T10:21:44.972Z,645.0,1348.05,VS1,VS1,,,Ideal,ID,None,None,IGI,IGI,Excellent,EX,Round,RB,Excellent,EX,Shreeji Diamond.,,,,,,,,,Round 2.09ct F VS1,9429379019,9624744882,shreejidiamondpal@gmail.com,Rahul Patel,Mahidhapura,Surat,,India,395003,
41401367,A.G-3539,8286,1366.20,2.53,Mumbai,,India,1,490191316,Oval,H,10.61,7.69,0.0,1.38,https://view.gem360.in/gem360/1409210828-AG-3539/thumb.jpg,https://view.gem360.in/gem360/1409210828-AG-3539/gem360-1409210828-AG-3539.html,https://www.igi.org/reports/verify-your-report?r=490191316,540.0,IGI,,,,,VS2,Excellent,Excellent,Excellent,62.7,60.0,,,,None,Oval 2.53ct H VS2,0.0,0.0,0.0,0.0,,-95.5,None,0.0,2022-03-10T13:06:35.995Z,2022-11-28T18:53:30.594Z,540.0,1366.2,VS2,VS2,,,Excellent,EX,None,None,IGI,IGI,Excellent,EX,Oval,OV,Excellent,EX,AG DIAMOND,,,,,,,,,Oval 2.53ct H VS2,,8460126820,sales.agdiamond2015@gmail.com,RAJ MEHTA,301 DEV SAGAR BUILDING,Mumbai,,India,395003,
41514452,LC0109,26307,604.51,1.09,,,St,1,,Oval,D,8.29,5.88,3.62,1.41,https://thelabimage.com/REALIMAGELAB/LC0109.jpg,https://thelabimage.com/VIDEOIMAGELABHTML/LC0109.HTML,,554.6,IGI,,,,,VVS2,,Excellent,Excellent,61.6,59.0,SLIGHTLY THICK (FACETED),Medium,,None,Oval 1.09ct D VVS2,14.0,34.8,43.5,40.5,100,-94.1,None,3.8,2022-03-14T14:40:35.688Z,2022-11-29T08:25:37.288Z,554.6,604.51,VVS2,VVS2,None,N,,,None,None,IGI,IGI,Excellent,EX,Oval,OV,Excellent,EX,Pal Diam,,,Medium,Medium,,,,,Oval 1.09ct D VVS2,9820194599,9925499963,paldiam@hotmail.com,alpeshkumar saspara,"dw-2150,2160  bharat diamond bourse bkc.",Mumbai,,India,400051,
41514453,LC0112,26307,621.15,1.12,,,St,1,,Oval,D,8.21,5.88,3.69,1.4,https://thelabimage.com/REALIMAGELAB/LC0112.jpg,https://thelabimage.com/VIDEOIMAGELABHTML/LC0112.HTML,,554.6,IGI,,,,,VVS2,,Excellent,Excellent,62.8,58.5,THICK (FACETED),Medium,,None,Oval 1.12ct D VVS2,14.5,35.0,43.5,40.0,100,-94.1,None,4.9,2022-03-14T14:40:36.384Z,2022-11-29T08:25:37.288Z,554.6,621.15,VVS2,VVS2,None,N,,,None,None,IGI,IGI,Excellent,EX,Oval,OV,Excellent,EX,Pal Diam,,,Medium,Medium,,,,,Oval 1.12ct D VVS2,9820194599,9925499963,paldiam@hotmail.com,alpeshkumar saspara,"dw-2150,2160  bharat diamond bourse bkc.",Mumbai,,India,400051,
41514455,LC0110,26307,571.71,1.14,,,St,1,,Oval,D,8.33,5.88,3.71,1.42,https://thelabimage.com/REALIMAGELAB/LC0110.jpg,https://thelabimage.com/VIDEOIMAGELABHTML/LC0110.HTML,,501.5,IGI,,,,,VS1,,Excellent,Excellent,63.1,59.0,SLIGHTLY THICK (FACETED),Medium,,None,Oval 1.14ct D VS1,15.5,37.0,43.5,40.6,100,-94.1,None,4.0,2022-03-14T14:40:37.159Z,2022-11-29T08:25:37.288Z,501.5,571.71,VS1,VS1,None,N,,,None,None,IGI,IGI,Excellent,EX,Oval,OV,Excellent,EX,Pal Diam,,,Medium,Medium,,,,,Oval 1.14ct D VS1,9820194599,9925499963,paldiam@hotmail.com,alpeshkumar saspara,"dw-2150,2160  bharat diamond bourse bkc.",Mumbai,,India,400051,
41514458,LA0037,26307,3107.81,2.55,,,St,1,,Oval,E,10.92,7.81,4.92,1.4,https://thelabimage.com/REALIMAGELAB/LA0037.jpg,https://thelabimage.com/VIDEOIMAGELABHTML/LA0037.HTML,,1218.75,IGI,,,,,VVS2,,Excellent,Excellent,63.0,60.0,SLIGHTLY THICK (FACETED),Medium,,None,Oval 2.55ct E VVS2,13.5,35.0,45.0,41.4,100,-93.75,None,4.5,2022-03-14T14:40:41.821Z,2022-11-29T08:25:43.323Z,1218.75,3107.81,VVS2,VVS2,None,N,,,None,None,IGI,IGI,Excellent,EX,Oval,OV,Excellent,EX,Pal Diam,,,Medium,Medium,,,,,Oval 2.55ct E VVS2,9820194599,9925499963,paldiam@hotmail.com,alpeshkumar saspara,"dw-2150,2160  bharat diamond bourse bkc.",Mumbai,,India,400051,
41537841,CDM-5,26374,1166.10,2.3,Mumbai,,India,1,520275226,Oval,G,,,,1.39,https://view.gem360.in/gem360/0703221013-CDM-5/thumb.jpg,https://view.gem360.in/gem360/0703221013-CDM-5/gem360-0703221013-CDM-5.html,https://www.igi.org/reports/verify-your-report-app?r=520275226,507.0,IGI,,,,,VS2,Excellent,Excellent,Excellent,65.3,58.5,,,,None,Oval 2.30ct G VS2,,,,,EYE CLEAN,-96.5,None,,2022-03-15T04:56:00.045Z,2022-11-25T09:04:34.652Z,507.0,1166.1,VS2,VS2,,,Excellent,EX,None,None,IGI,IGI,Excellent,EX,Oval,OV,Excellent,EX,Vihan Gems.,,,,,,,,,Oval 2.30ct G VS2,8141491891,9879820993,bhavinshah_4029@yahoo.in,Bhavin Shah,"306,navpad bullding ,jadakhadi,mahidharpura",Surat,,India,395009,
41557088,TB0002,26307,1185.75,1.55,,,St,1,,Round,D,7.55,7.58,4.51,,https://thelabimage.com/REALIMAGELAB/TB0002.jpg,https://thelabimage.com/VIDEOIMAGELABHTML/TB0002.HTML,,765.0,IGI,,,,,VS1,Ideal,Excellent,Excellent,59.6,58.5,MEDIUM (FACETED),Thin,,None,Round 1.55ct D VS1,14.0,33.4,43.0,40.8,100,-95.75,None,2.9,2022-03-15T12:13:53.249Z,2022-11-29T08:26:26.611Z,765.0,1185.75,VS1,VS1,None,N,Ideal,ID,None,None,IGI,IGI,Excellent,EX,Round,RB,Excellent,EX,Pal Diam,,,Thin,Thin,,,,,Round 1.55ct D VS1,9820194599,9925499963,paldiam@hotmail.com,alpeshkumar saspara,"dw-2150,2160  bharat diamond bourse bkc.",Mumbai,,India,400051,
41557091,LC0098,26307,593.89,1.08,,,St,1,,Oval,D,8.29,5.87,3.63,1.41,https://thelabimage.com/REALIMAGELAB/LC0098.jpg,https://thelabimage.com/VIDEOIMAGELABHTML/LC0098.HTML,,549.9,IGI,,,,,VVS2,,Excellent,Excellent,61.8,57.5,SLIGHTLY THICK (FACETED),Medium,,None,Oval 1.08ct D VVS2,14.0,33.7,43.5,40.2,100,-94.15,None,4.5,2022-03-15T12:13:57.571Z,2022-11-29T08:25:43.323Z,549.9,593.89,VVS2,VVS2,None,N,,,None,None,IGI,IGI,Excellent,EX,Oval,OV,Excellent,EX,Pal Diam,,,Medium,Medium,,,,,Oval 1.08ct D VVS2,9820194599,9925499963,paldiam@hotmail.com,alpeshkumar saspara,"dw-2150,2160  bharat diamond bourse bkc.",Mumbai,,India,400051,
41557101,LA0028,26307,3753.75,2.75,,,St,1,,Oval,E,11.21,8.05,4.98,1.39,https://thelabimage.com/REALIMAGELAB/LA0028.jpg,https://thelabimage.com/VIDEOIMAGELABHTML/LA0028.HTML,,1365.0,IGI,,,,,VVS2,,Excellent,Excellent,61.9,58.0,SLIGHTLY THICK (FACETED),Medium,,None,Oval 2.75ct E VVS2,14.5,34.8,44.0,40.3,100,-93.0,None,3.5,2022-03-15T12:14:04.702Z,2022-11-29T08:25:43.323Z,1365.0,3753.75,VVS2,VVS2,None,N,,,None,None,IGI,IGI,Excellent,EX,Oval,OV,Excellent,EX,Pal Diam,,,Medium,Medium,,,,,Oval 2.75ct E VVS2,9820194599,9925499963,paldiam@hotmail.com,alpeshkumar saspara,"dw-2150,2160  bharat diamond bourse bkc.",Mumbai,,India,400051,
41557111,LB0074,26307,966.96,1.58,,,St,1,,Emerald,E,7.89,5.45,3.55,1.45,https://thelabimage.com/REALIMAGELAB/LB0074.jpg,https://thelabimage.com/VIDEOIMAGELABHTML/LB0074.HTML,,612.0,IGI,,,,,VVS2,,Excellent,Excellent,65.1,63.5,,Slightly Thick,,None,Emerald 1.58ct E VVS2,12.5,21.1,49.0,41.7,100,-95.5,None,4.2,2022-03-15T12:14:07.942Z,2022-11-29T08:25:43.323Z,612.0,966.96,VVS2,VVS2,Large,L,,,None,None,IGI,IGI,Excellent,EX,Emerald,EC,Excellent,EX,Pal Diam,,,Slightly Thick,Slightly Thick,,,,,Emerald 1.58ct E VVS2,9820194599,9925499963,paldiam@hotmail.com,alpeshkumar saspara,"dw-2150,2160  bharat diamond bourse bkc.",Mumbai,,India,400051,
41560382,LA0034,26307,3990.00,3.0,,,St,1,,Round,G,9.14,9.19,5.66,,https://thelabimage.com/REALIMAGELAB/LA0034.jpg,https://thelabimage.com/VIDEOIMAGELABHTML/LA0034.HTML,,1330.0,IGI,,,,,VS1,Excellent,Excellent,Excellent,61.8,59.0,SLIGHTLY THICK (FACETED),Medium,,None,Round 3.00ct G VS1,15.0,36.3,42.0,40.2,100,-95.25,None,4.6,2022-03-15T13:14:01.017Z,2022-11-29T08:25:43.323Z,1330.0,3990.0,VS1,VS1,None,N,Excellent,EX,None,None,IGI,IGI,Excellent,EX,Round,RB,Excellent,EX,Pal Diam,,,Medium,Medium,,,,,Round 3.00ct G VS1,9820194599,9925499963,paldiam@hotmail.com,alpeshkumar saspara,"dw-2150,2160  bharat diamond bourse bkc.",Mumbai,,India,400051,
41620386,B-3-10,26374,504.00,1.0,Surat,,India,1,520290525,Oval,E,,,,1.4,https://view.gem360.in/gem360/0903220603-B-3-10/thumb.jpg,https://view.gem360.in/gem360/0903220603-B-3-10/gem360-0903220603-B-3-10.html,https://www.igi.org/reports/verify-your-report-app?r=520290525,504.0,IGI,,,,,VS2,Excellent,Excellent,Excellent,58.8,63.0,,,,None,Oval 1.00ct E VS2,,,,,EYE CLEAN,-93.0,None,,2022-03-16T12:18:58.160Z,2022-11-25T09:04:34.652Z,504.0,504.0,VS2,VS2,,,Excellent,EX,None,None,IGI,IGI,Excellent,EX,Oval,OV,Excellent,EX,Vihan Gems.,,,,,,,,,Oval 1.00ct E VS2,8141491891,9879820993,bhavinshah_4029@yahoo.in,Bhavin Shah,"306,navpad bullding ,jadakhadi,mahidharpura",Surat,,India,395009,
41745663,LB0081,26307,972.80,1.52,,,St,1,,Oval,E,9.18,6.49,4.1,1.41,https://thelabimage.com/REALIMAGELAB/LB0081.jpg,https://thelabimage.com/VIDEOIMAGELABHTML/LB0081.HTML,,640.0,IGI,,,,,VS1,,Excellent,Excellent,63.2,58.5,SLIGHTLY THICK (FACETED),Medium,,None,Oval 1.52ct E VS1,14.5,35.3,44.0,40.5,100,-95.0,None,4.4,2022-03-19T11:39:34.717Z,2022-11-29T08:25:37.288Z,640.0,972.8,VS1,VS1,None,N,,,None,None,IGI,IGI,Excellent,EX,Oval,OV,Excellent,EX,Pal Diam,,,Medium,Medium,,,,,Oval 1.52ct E VS1,9820194599,9925499963,paldiam@hotmail.com,alpeshkumar saspara,"dw-2150,2160  bharat diamond bourse bkc.",Mumbai,,India,400051,
41829784,RM35-12,21776,2535.75,3.22,,,India,1,519232165,Asscher,G,8.18,8.01,5.42,1.02,https://view.gem360.in/gem360/2203221113-RM35-12/thumb.jpg,https://view.gem360.in/gem360/2203221113-RM35-12/gem360-2203221113-RM35-12.html,https://www.igi.org/viewpdf.php?r=519232165,787.5,IGI,,,,,VS1,,Excellent,Excellent,67.7,66.5,,,,None,Asscher 3.22ct G VS1,,,,,YES,-96.5,None,,2022-03-22T12:52:56.853Z,2022-11-28T10:21:44.972Z,787.5,2535.75,VS1,VS1,,,,,None,None,IGI,IGI,Excellent,EX,Asscher,AC,Excellent,EX,Shreeji Diamond.,,,,,,,,,Asscher 3.22ct G VS1,9429379019,9624744882,shreejidiamondpal@gmail.com,Rahul Patel,Mahidhapura,Surat,,India,395003,
